{
  "locations": {
    "home": {
      "type": "homing"
    },
    "main_room": {
      "type": "pose",
      "x": 2.6959042148712173,
      "y": -0.935073180129069,
      "theta": -1.5617366
    },
    "kitchen": {
      "type": "pose",
      "x": -4.299925881549917,
      "y": -2.3057232770574987,
      "theta": 1.57
    },
    "living_room": {
      "type": "pose",
      "x": 1.5565762877783744,
      "y": -4.463238779581094,
      "theta": -1.5548761
    }

  }
}