{
    "locations": {
      "home": {
        "type": "homing"
      },
      "desk": {
        "type": "pose",
        "x": 3.612619976063266,
        "y": -0.7412012502057179,
        "theta": -1.5708
      },
      "shelf": {
        "type": "pose",
        "x": 4.24356704169557,
        "y": -0.252571376355532,
        "theta": 0.0
      },
      "trash": {
        "type": "pose",
        "x": 0.5742764747683591,
        "y": 0.9475996195809343,
        "theta": 1.57
      }
    }
  }