{
    "locations": {
      "home": {
        "type": "homing"
      },
      "desk": {
        "type": "pose",
        "x": 3.184158265672887,
        "y": -0.8953848490086519,
        "theta": -1.5708
      },
      "shelf": {
        "type": "pose",
        "x": 4.41,
        "y": -0.252,
        "theta": 0.0
      },
      "trash": {
        "type": "pose",
        "x": 0.5742764747683591,
        "y": 0.9475996195809343,
        "theta": 1.57
      }
    }
  }