{
    "locations": {
      "home": {
        "type": "homing"
      },
      "desk": {
        "type": "pose",
        "x": 3.434667242167565,
        "y": -0.704275618857125,
        "theta": -1.5708
      },
      "shelf": {
        "type": "pose",
        "x": 4.200025970916293,
        "y": -0.6588159421668707,
        "theta": 0.0
      },
      "trash": {
        "type": "pose",
        "x": 0.5742764747683591,
        "y": 0.9475996195809343,
        "theta": 1.57
      }
    }
  }