{
    "locations": {
      "home": {
        "type": "homing"
      },
      "desk": {
        "type": "pose",
        "x": 1.54138930309982,
        "y": -1.836525932537181,
        "theta": 0.0
      },
      "shelf": {
        "type": "pose",
        "x": 1.040279051294452,
        "y": -1.868993406566856,
        "theta": -1.5586474
      },
      "table": {
        "type": "pose",
        "x": 1.606,
        "y": -1.32,
        "theta": 3.14
      }
    }
  }