{
    "locations": {
      "home": {
        "type": "homing"
      },
      "living_room": {
        "type": "pose",
        "x": 2.0083478141111573,
        "y": -1.3840104893118823,
        "theta": 3.14
      },
      "kitchen": {
        "type": "pose",
        "x": 4.085395477570214,
        "y": 4.640937965684622,
        "theta": 0.0
      },
      "main_room": {
        "type": "pose",
        "x": 4.969209747897231,
        "y": -1.2328326297553116,
        "theta": -1.7781342
      }

    }
  }