{
  "locations": {
    "home": {
      "type": "homing"
    },
    "main_room": {
      "type": "pose",
      "x": 2.2357,
      "y": -0.807,
      "theta": -1.57
    },
    "main_waypoint": {
      "type": "pose",
      "x": -1.37,
      "y": -1.5,
      "theta": 0.0
    },
    "bed": {
      "type": "pose",
      "x": 2.099,
      "y": 0.281,
      "theta": 1.57
    },
    "kitchen": {
      "type": "pose",
      "x": -4.299925881549917,
      "y": -2.3057232770574987,
      "theta": 1.57
    },
    "living_room": {
      "type": "pose",
      "x": 1.5565762877783744,
      "y": -4.463238779581094,
      "theta": -1.57
    },
    "living_room_1": {
      "type": "pose",
      "x": 1.5565762877783744,
      "y": -3.463238779581094,
      "theta": -1.57
    },
    "living_waypoint": {
      "type": "pose",
      "x": 0.527,
      "y": -1.36,
      "theta": 3.14
    },
    "dining_table": {
      "type": "pose",
      "x": -2.991,
      "y": -2.126,
      "theta": -1.57
    },
    "sink": {
      "type": "pose",
      "x": -5.127,
      "y": -2.345,
      "theta": 3.14
    }
  }
}